{
    "name": "root",
    "metadata": {
        "timer_format_version": "0.1.0",
        "start_time_seconds": "1596652186",
        "python_version": "3.7.8 (default, Jul 19 2020, 19:19:40) \n[GCC 10.1.0]",
        "command_line_arguments": "/home/fraun/.local/bin//mlagents-learn trainer_config.yaml --run-id=walker1926_11",
        "mlagents_version": "0.18.0",
        "mlagents_envs_version": "0.18.0",
        "communication_protocol_version": "1.0.0",
        "tensorflow_version": "2.2.0",
        "end_time_seconds": "1596652236"
    },
    "total": 50.732490645001235,
    "count": 1,
    "self": 0.00419432099442929,
    "children": {
        "run_training.setup": {
            "total": 0.005524261003301945,
            "count": 1,
            "self": 0.005524261003301945
        },
        "TrainerController.start_learning": {
            "total": 50.722772063003504,
            "count": 1,
            "self": 0.9467149269985384,
            "children": {
                "TrainerController._reset_env": {
                    "total": 13.973854365001898,
                    "count": 1,
                    "self": 13.973854365001898
                },
                "TrainerController.advance": {
                    "total": 35.68759851100913,
                    "count": 846,
                    "self": 0.009890121007629205,
                    "children": {
                        "env_step": {
                            "total": 35.6777083900015,
                            "count": 846,
                            "self": 35.14727733082691,
                            "children": {
                                "SubprocessEnvManager._take_step": {
                                    "total": 0.5215614040644141,
                                    "count": 846,
                                    "self": 0.01851502611680189,
                                    "children": {
                                        "NNPolicy.evaluate": {
                                            "total": 0.5030463779476122,
                                            "count": 827,
                                            "self": 0.5030463779476122
                                        }
                                    }
                                },
                                "workers": {
                                    "total": 0.00886965511017479,
                                    "count": 845,
                                    "self": 0.0,
                                    "children": {
                                        "worker_root": {
                                            "total": 50.477554713128484,
                                            "count": 845,
                                            "is_parallel": true,
                                            "self": 15.977579948121274,
                                            "children": {
                                                "run_training.setup": {
                                                    "total": 0.0,
                                                    "count": 0,
                                                    "is_parallel": true,
                                                    "self": 0.0,
                                                    "children": {
                                                        "steps_from_proto": {
                                                            "total": 0.0003248900029575452,
                                                            "count": 1,
                                                            "is_parallel": true,
                                                            "self": 9.045000479090959e-05,
                                                            "children": {
                                                                "_process_vector_observation": {
                                                                    "total": 0.00023443999816663563,
                                                                    "count": 2,
                                                                    "is_parallel": true,
                                                                    "self": 0.00023443999816663563
                                                                }
                                                            }
                                                        },
                                                        "UnityEnvironment.step": {
                                                            "total": 0.05846909499814501,
                                                            "count": 1,
                                                            "is_parallel": true,
                                                            "self": 8.295000588987023e-05,
                                                            "children": {
                                                                "UnityEnvironment._generate_step_input": {
                                                                    "total": 0.00010046999523183331,
                                                                    "count": 1,
                                                                    "is_parallel": true,
                                                                    "self": 0.00010046999523183331
                                                                },
                                                                "communicator.exchange": {
                                                                    "total": 0.0581179049986531,
                                                                    "count": 1,
                                                                    "is_parallel": true,
                                                                    "self": 0.0581179049986531
                                                                },
                                                                "steps_from_proto": {
                                                                    "total": 0.00016776999837020412,
                                                                    "count": 1,
                                                                    "is_parallel": true,
                                                                    "self": 6.7940003646072e-05,
                                                                    "children": {
                                                                        "_process_vector_observation": {
                                                                            "total": 9.982999472413212e-05,
                                                                            "count": 2,
                                                                            "is_parallel": true,
                                                                            "self": 9.982999472413212e-05
                                                                        }
                                                                    }
                                                                }
                                                            }
                                                        }
                                                    }
                                                },
                                                "UnityEnvironment.step": {
                                                    "total": 34.49997476500721,
                                                    "count": 844,
                                                    "is_parallel": true,
                                                    "self": 0.05948482699022861,