{
    "name": "root",
    "gauges": {
        "walker.Policy.Entropy.mean": {
            "value": 1.3634766340255737,
            "min": 1.3627525568008423,
            "max": 1.4185141324996948,
            "count": 165
        },
        "walker.Environment.EpisodeLength.mean": {
            "value": 688.125,
            "min": 24.83809523809524,
            "max": 999.0,
            "count": 165
        },
        "walker.Policy.ExtrinsicValueEstimate.mean": {
            "value": 1.4635089635849,
            "min": -0.5546666979789734,
            "max": 1.5219852924346924,
            "count": 165
        },
        "walker.Environment.CumulativeReward.mean": {
            "value": 11.259090943769975,
            "min": -0.7034912640763042,
            "max": 14.938461578809298,
            "count": 165
        },
        "walker.Policy.ExtrinsicReward.mean": {
            "value": 11.259090943769975,
            "min": -0.7034912640763042,
            "max": 14.938461578809298,
            "count": 165
        },
        "walker.Losses.ValueLoss.mean": {
            "value": 0.020010903477668762,
            "min": 0.00231299945153296,
            "max": 0.35105302929878235,
            "count": 165
        },
        "walker.Losses.PolicyLoss.mean": {
            "value": 0.018581969663500786,
            "min": 0.0106775788590312,
            "max": 0.026212312281131744,
            "count": 165
        },
        "walker.Policy.LearningRate.mean": {
            "value": 0.0002988156338687986,
            "min": 0.0002988156338687986,
            "max": 0.00029999628895893693,
            "count": 165
        },
        "walker.Policy.Epsilon.mean": {
            "value": 0.19960522651672363,
            "min": 0.19960522651672363,
            "max": 0.19999875128269196,
            "count": 165
        },
        "walker.Policy.Beta.mean": {
            "value": 0.0009960917523130774,
            "min": 0.0009960917523130774,
            "max": 0.0009999878238886595,
            "count": 165
        },
        "walker.IsTraining.mean": {
            "value": 1.0,
            "min": 1.0,
            "max": 1.0,
            "count": 165
        }
    },
    "metadata": {
        "timer_format_version": "0.1.0",
        "start_time_seconds": "1596663509",
        "python_version": "3.7.8 (default, Jul 19 2020, 19:19:40) \n[GCC 10.1.0]",
        "command_line_arguments": "/home/fraun/.local/bin//mlagents-learn trainer_config.yaml --run-id=walker_no_checkpoints",
        "mlagents_version": "0.18.0",
        "mlagents_envs_version": "0.18.0",
        "communication_protocol_version": "1.0.0",
        "tensorflow_version": "2.2.0",
        "end_time_seconds": "1596664303"
    },
    "total": 793.7371271059965,
    "count": 1,
    "self": 0.004111700996872969,
    "children": {
        "run_training.setup": {
            "total": 0.008220661999075674,
            "count": 1,
            "self": 0.008220661999075674
        },
        "TrainerController.start_learning": {
            "total": 793.7247947430005,
            "count": 1,
            "self": 23.136318862139888,
            "children": {
                "TrainerController._reset_env": {
                    "total": 10.47381090700219,
                    "count": 1,
                    "self": 10.47381090700219
                },
                "TrainerController.advance": {
                    "total": 760.0255110108628,
                    "count": 21779,
                    "self": 0.4029400067520328,
                    "children": {
                        "env_step": {
                            "total": 759.6225710041108,
                            "count": 21779,
                            "self": 728.8941022249128,
                            "children": {
                                "SubprocessEnvManager._take_step": {
                                    "total": 30.40358790087339,
                                    "count": 21779,
                                    "self": 2.0471004543142044,
                                    "children": {
                                        "NNPolicy.evaluate": {
                                            "total": 28.356487446559186,
                                            "count": 19678,
                                            "self": 28.356487446559186
                                        }
                                    }
                                },
                                "workers": {
                                    "total": 0.3248808783246204,
                                    "count": 21778,
                                    "self": 0.0,
                                    "children": {
                                        "worker_root": {
                                            "total": 792.4289489097064,
                                            "count": 21778,
                                            "is_parallel": true,
                                            "self": 398.72338457974547,
                                            "children": {
                                                "run_training.setup": {
                                                    "total": 0.0,
                                                    "count": 0,
                                                    "is_parallel": true,
                                                    "self": 0.0,
                                                    "children": {
                                                        "steps_from_proto": {
                                                            "total": 0.0015100700038601644,
                                                            "count": 1,
                                                            "is_parallel": true,
                                                            "self": 0.00017980000120587647,
                                                            "children": {
                                                                "_process_vector_observation": {
                                                                    "total": 0.001330270002654288,
                                                                    "count": 2,
                                                                    "is_parallel": true,
                                                                    "self": 0.001330270002654288
                                                                }
                                                            }
                                                        },
                                                        "UnityEnvironment.step": {
                                                            "total": 0.05763282500265632,
                                                            "count": 1,
                                                            "is_parallel": true,
                                                            "self": 0.00038331999530782923,
                                                            "children": {
                                                                "UnityEnvironment._generate_step_input": {
                                                                    "total": 0.000692880006681662,
                                                                    "count": 1,
                                                                    "is_parallel": true,
                                                                    "self": 0.000692880006681662
                                                                },
                                                                "communicator.exchange": {
                                                                    "total": 0.05502223499934189,
                                                                    "count": 1,