{
    "name": "root",
    "gauges": {
        "walker.Policy.Entropy.mean": {
            "value": 0.36517664790153503,
            "min": 0.36397209763526917,
            "max": 0.7988013625144958,
            "count": 4888
        },
        "walker.Environment.EpisodeLength.mean": {
            "value": 499.0,
            "min": 43.0,
            "max": 499.0,
            "count": 4883
        },
        "walker.Policy.ExtrinsicValueEstimate.mean": {
            "value": 72.12692260742188,
            "min": 20.23748779296875,
            "max": 75.91667938232422,
            "count": 4895
        },
        "walker.Environment.CumulativeReward.mean": {
            "value": 280.1928033590317,
            "min": -0.9640791416168213,
            "max": 289.37123091220855,
            "count": 4882
        },
        "walker.Policy.ExtrinsicReward.mean": {
            "value": 280.1928033590317,
            "min": -0.9640791416168213,
            "max": 289.37123091220855,
            "count": 4882
        },
        "walker.Losses.ValueLoss.mean": {
            "value": 1.7506303787231445,
            "min": 0.8326452374458313,
            "max": 36.35441970825195,
            "count": 4895
        },
        "walker.Losses.PolicyLoss.mean": {
            "value": 0.02460661344230175,
            "min": 0.009490340948104858,
            "max": 0.060451578348875046,
            "count": 4895
        },
        "walker.Policy.LearningRate.mean": {
            "value": 0.00025446340441703796,
            "min": 0.00025446340441703796,
            "max": 0.00028969699633307755,
            "count": 4895
        },
        "walker.Policy.Epsilon.mean": {
            "value": 0.18482112884521484,
            "min": 0.18482112884521484,
            "max": 0.196565642952919,
            "count": 4895
        },
        "walker.Policy.Beta.mean": {
            "value": 0.0008497292292304337,
            "min": 0.0008497292292304337,
            "max": 0.0009660001960583031,
            "count": 4895
        },
        "walker.IsTraining.mean": {
            "value": 1.0,
            "min": 1.0,
            "max": 1.0,
            "count": 4895
        }
    },
    "metadata": {
        "timer_format_version": "0.1.0",
        "start_time_seconds": "1596729580",
        "python_version": "3.7.8 (default, Jul 19 2020, 19:19:40) \n[GCC 10.1.0]",
        "command_line_arguments": "/home/fraun/.local/bin//mlagents-learn trainer_config.yaml --run-id=head_1 --resume",
        "mlagents_version": "0.18.0",
        "mlagents_envs_version": "0.18.0",
        "communication_protocol_version": "1.0.0",
        "tensorflow_version": "2.2.0",
        "end_time_seconds": "1596749534"
    },
    "total": 19953.665882196,
    "count": 1,
    "self": 0.004078861005837098,
    "children": {
        "run_training.setup": {
            "total": 0.006199491996085271,
            "count": 1,
            "self": 0.006199491996085271
        },
        "TrainerController.start_learning": {
            "total": 19953.655603843,
            "count": 1,
            "self": 407.39108165547077,
            "children": {
                "TrainerController._reset_env": {
                    "total": 4.080568429999403,
                    "count": 1,
                    "self": 4.080568429999403
                },
                "TrainerController.advance": {
                    "total": 19542.090307142527,
                    "count": 355258,
                    "self": 5.59174763225019,
                    "children": {
                        "env_step": {
                            "total": 19536.498559510277,
                            "count": 355258,
                            "self": 19090.438835102017,
                            "children": {
                                "SubprocessEnvManager._take_step": {
                                    "total": 441.4463638216548,
                                    "count": 355258,
                                    "self": 45.9459541450633,
                                    "children": {
                                        "NNPolicy.evaluate": {
                                            "total": 395.5004096765915,
                                            "count": 292273,
                                            "self": 395.5004096765915
                                        }
                                    }
                                },
                                "workers": {
                                    "total": 4.613360586605268,
                                    "count": 355257,
                                    "self": 0.0,
                                    "children": {
                                        "worker_root": {
                                            "total": 19944.003061650772,
                                            "count": 355257,
                                            "is_parallel": true,
                                            "self": 10028.96141053774,
                                            "children": {
                                                "run_training.setup": {
                                                    "total": 0.0,
                                                    "count": 0,
                                                    "is_parallel": true,
                                                    "self": 0.0,
                                                    "children": {
                                                        "steps_from_proto": {
                                                            "total": 0.002886370988562703,
                                                            "count": 1,
                                                            "is_parallel": true,
                                                            "self": 0.0002733499859459698,
                                                            "children": {
                                                                "_process_vector_observation": {
                                                                    "total": 0.0026130210026167333,
                                                                    "count": 2,
                                                                    "is_parallel": true,
                                                                    "self": 0.0026130210026167333
                                                                }
                                                            }
                                                        },
                                                        "UnityEnvironment.step": {
                                                            "total": 0.543359971998143,
                                                            "count": 1,
                                                            "is_parallel": true,
                                                            "self": 0.0006451700028264895,
                                                            "children": {
                                                                "UnityEnvironment._generate_step_input": {
                                                                    "total": 0.0013967400009278208,
                                                                    "count": 1,
                                                                    "is_parallel": true,
                                                                    "self": 0.0013967400009278208
                                                                },
                                                                "communicator.exchange": {
                                                                    "total": 0.5382978109992109,
                                                                    "count": 1,