Steps,Policy/Entropy,Environment/Episode Length,Policy/Extrinsic Value Estimate,Environment/Cumulative Reward,Policy/Extrinsic Reward,Losses/Value Loss,Losses/Policy Loss,Policy/Learning Rate,Policy/Epsilon,Policy/Beta,Is Training
96000,1.413925,42.5,0.668371,0.9760871814644855,0.9760871814644855,3.0082724,0.0065097124,0.00029994283,0.19998093,0.0009998112,1.0
108000,1.4136682,99.11818181818182,1.332198,7.208912490913184,7.208912490913184,5.234525,0.01853076,0.00029993872,0.19997957,0.0009997978,1.0
120000,1.4144846,99.68548387096774,1.7906461,7.938137432276192,7.938137432276192,4.6721115,0.011328525,0.0002999313,0.1999771,0.0009997733,1.0
