{"count":1,"self":53.676316799999995,"total":54.468937,"children":{"InitializeSensors":{"count":1,"self":0.0013549999999999999,"total":0.003797,"children":{"CreateObservableSensors":{"count":1,"self":0.0024419999999999997,"total":0.0024419999999999997,"children":null}}},"AgentSendState":{"count":2697,"self":0.013238999999999999,"total":0.020488,"children":{"CollectObservations":{"count":540,"self":0.0022229999999999997,"total":0.0022229999999999997,"children":null},"CollectDiscreteActionMasks":{"count":540,"self":0.000473,"total":0.000473,"children":null},"RequestDecision":{"count":540,"self":0.004553,"total":0.004553,"children":null}}},"DecideAction":{"count":2697,"self":0.75362299999999993,"total":0.75362299999999993,"children":null},"AgentAct":{"count":2697,"self":0.013966,"total":0.013966,"children":null}},"gauges":{"walker.CumulativeReward":{"count":1,"max":351.541077,"min":351.541077,"runningAverage":351.541077,"value":351.541077,"weightedAverage":351.541077}},"metadata":{"timer_format_version":"0.1.0","start_time_seconds":"1596723992","unity_version":"2020.1.0b16","command_line_arguments":"\/home\/fraun\/Unity\/Hub\/Editor\/2020.1.0b16\/Editor\/Unity -projectpath \/home\/fraun\/git_repos\/ML_Walker -useHub -hubIPC -cloudEnvironment production -hubSessionId 2017fcc0-d706-11ea-ba0f-5f2b9b3899d6 -accessToken dNirIpKswfoqPO_An5Mw2S5Y0buczrQ4tn4jeUMg2II005f","communication_protocol_version":"1.0.0","com.unity.ml-agents_version":"1.2.0-preview","scene_name":"armsandhead","end_time_seconds":"1596724046"}}