{"count":1,"self":56.6769472,"total":72.391487,"children":{"InitializeSensors":{"count":101,"self":0.0019279999999999998,"total":0.005141,"children":{"CreateObservableSensors":{"count":1,"self":0.0032129999999999997,"total":0.0032129999999999997,"children":null}}},"AgentSendState":{"count":3256,"self":0.314944,"total":1.359214,"children":{"CollectObservations":{"count":65852,"self":0.144053,"total":0.144053,"children":null},"CollectDiscreteActionMasks":{"count":65852,"self":0.068352,"total":0.068352,"children":null},"RequestDecision":{"count":65852,"self":0.269291,"total":0.831865,"children":{"AgentInfo.ToProto":{"count":65852,"self":0.195716,"total":0.562574,"children":{"GenerateSensorData":{"count":65852,"self":0.36685799999999996,"total":0.36685799999999996,"children":null}}}}}}},"DecideAction":{"count":3256,"self":13.9300128,"total":13.930012999999999,"children":null},"AgentAct":{"count":3256,"self":0.41825799999999996,"total":0.418773,"children":{"AgentInfo.ToProto":{"count":85,"self":0.00023899999999999998,"total":0.00051499999999999994,"children":{"GenerateSensorData":{"count":85,"self":0.000276,"total":0.000276,"children":null}}}}},"AgentInfo.ToProto":{"count":43,"self":0.000278,"total":0.00063999999999999994,"children":{"GenerateSensorData":{"count":43,"self":0.00036199999999999996,"total":0.00036199999999999996,"children":null}}}},"gauges":{"walker.CumulativeReward":{"count":128,"max":282.513336,"min":-0.8429706,"runningAverage":179.685364,"value":256.75296,"weightedAverage":127.216072}},"metadata":{"timer_format_version":"0.1.0","start_time_seconds":"1596705369","unity_version":"2020.1.0b16","command_line_arguments":"\/home\/fraun\/Unity\/Hub\/Editor\/2020.1.0b16\/Editor\/Unity -projectpath \/home\/fraun\/git_repos\/ML_Walker -useHub -hubIPC -cloudEnvironment production -hubSessionId 2017fcc0-d706-11ea-ba0f-5f2b9b3899d6 -accessToken zk3P8tyqQE8te9c1iw6cAJ-5g0_oTk9KyCbRqmiOpb4005f","communication_protocol_version":"1.0.0","com.unity.ml-agents_version":"1.2.0-preview","scene_name":"SampleScene","end_time_seconds":"1596705441"}}