{
    "name": "root",
    "gauges": {
        "walker.Policy.Entropy.mean": {
            "value": 1.3956389427185059,
            "min": 1.3940075635910034,
            "max": 1.4184434413909912,
            "count": 48
        },
        "walker.Environment.EpisodeLength.mean": {
            "value": 886.375,
            "min": 24.176724137931036,
            "max": 999.0,
            "count": 48
        },
        "walker.Policy.ExtrinsicValueEstimate.mean": {
            "value": 1.5755876302719116,
            "min": -0.6267428994178772,
            "max": 1.6510175466537476,
            "count": 48
        },
        "walker.Environment.CumulativeReward.mean": {
            "value": 13.481250025331974,
            "min": -0.7068693619053643,
            "max": 16.755000096559524,
            "count": 48
        },
        "walker.Policy.ExtrinsicReward.mean": {
            "value": 13.481250025331974,
            "min": -0.7068693619053643,
            "max": 16.755000096559524,
            "count": 48
        },
        "walker.Losses.ValueLoss.mean": {
            "value": 0.047946810722351074,
            "min": 0.03126312047243118,
            "max": 0.4764154553413391,
            "count": 48
        },
        "walker.Losses.PolicyLoss.mean": {
            "value": 0.020069973543286324,
            "min": 0.011315387673676014,
            "max": 0.024267183616757393,
            "count": 48
        },
        "walker.Policy.LearningRate.mean": {
            "value": 0.0002996582188643515,
            "min": 0.0002996582188643515,
            "max": 0.0002999961143359542,
            "count": 48
        },
        "walker.Policy.Epsilon.mean": {
            "value": 0.19988608360290527,
            "min": 0.19988608360290527,
            "max": 0.19999869167804718,
            "count": 48
        },
        "walker.Policy.Beta.mean": {
            "value": 0.000998872215859592,
            "min": 0.000998872215859592,
            "max": 0.0009999871253967285,
            "count": 48
        },
        "walker.IsTraining.mean": {
            "value": 1.0,
            "min": 1.0,
            "max": 1.0,
            "count": 48
        }
    },
    "metadata": {
        "timer_format_version": "0.1.0",
        "start_time_seconds": "1596660904",
        "python_version": "3.7.8 (default, Jul 19 2020, 19:19:40) \n[GCC 10.1.0]",
        "command_line_arguments": "/home/fraun/.local/bin//mlagents-learn trainer_config.yaml --run-id=walker_ignore_observ",
        "mlagents_version": "0.18.0",
        "mlagents_envs_version": "0.18.0",
        "communication_protocol_version": "1.0.0",
        "tensorflow_version": "2.2.0",
        "end_time_seconds": "1596661120"
    },
    "total": 215.70064750999882,
    "count": 1,
    "self": 0.004212501000438351,
    "children": {
        "run_training.setup": {
            "total": 0.0077410619996953756,
            "count": 1,
            "self": 0.0077410619996953756
        },
        "TrainerController.start_learning": {
            "total": 215.68869394699868,
            "count": 1,
            "self": 7.032943834361504,
            "children": {
                "TrainerController._reset_env": {
                    "total": 4.55556538500241,
                    "count": 1,
                    "self": 4.55556538500241
                },
                "TrainerController.advance": {
                    "total": 204.0082868636382,
                    "count": 6597,
                    "self": 0.09481323479121784,
                    "children": {
                        "env_step": {
                            "total": 203.913473628847,
                            "count": 6597,
                            "self": 196.31945756655477,
                            "children": {
                                "SubprocessEnvManager._take_step": {
                                    "total": 7.514306628188933,
                                    "count": 6597,
                                    "self": 0.5323227577318903,
                                    "children": {
                                        "NNPolicy.evaluate": {
                                            "total": 6.981983870457043,
                                            "count": 5809,
                                            "self": 6.981983870457043
                                        }
                                    }
                                },
                                "workers": {
                                    "total": 0.07970943410327891,
                                    "count": 6596,
                                    "self": 0.0,
                                    "children": {
                                        "worker_root": {
                                            "total": 215.04212732111046,
                                            "count": 6596,
                                            "is_parallel": true,
                                            "self": 109.27019597894832,
                                            "children": {
                                                "run_training.setup": {
                                                    "total": 0.0,
                                                    "count": 0,
                                                    "is_parallel": true,
                                                    "self": 0.0,
                                                    "children": {
                                                        "steps_from_proto": {
                                                            "total": 0.0014842509990558028,
                                                            "count": 1,
                                                            "is_parallel": true,
                                                            "self": 0.00018353999621467665,
                                                            "children": {
                                                                "_process_vector_observation": {
                                                                    "total": 0.0013007110028411262,
                                                                    "count": 2,
                                                                    "is_parallel": true,
                                                                    "self": 0.0013007110028411262
                                                                }
                                                            }
                                                        },
                                                        "UnityEnvironment.step": {
                                                            "total": 0.05222969399619615,
                                                            "count": 1,
                                                            "is_parallel": true,
                                                            "self": 0.000286620001133997,
                                                            "children": {
                                                                "UnityEnvironment._generate_step_input": {
                                                                    "total": 0.0007196700025815517,
                                                                    "count": 1,
                                                                    "is_parallel": true,
                                                                    "self": 0.0007196700025815517
                                                                },
                                                                "communicator.exchange": {
                                                                    "total": 0.04969685299874982,
                                                                    "count": 1,